text,true_label,predicted_label
bankai fam skanks the huntsmen ft raf almighty produced by kyo via bankai friday worldwide,0,1
at first i was so hea broken by slaughter of 49 people and the injured people in orlando night club now i m amp baffled,0,1
the whole world knows potus is anti american jihadinamerica,0,1
know what mitch sadly think majlr is over your head you lash out at 1 of few last american leaders besides sessions,0,1
are black amp feel like the are stomping on you listen retweet tampa miami,1,0
14 off the beach today realised my detector is broken minelab xterra metaldetecting,0,1
twinklatinboys na slut snapshot hot nasty naughty sexy horny shy porn nude kinky xxx y,0,1
in the past year or two i can t recall a more depressing day for news watching opinion reading and political speech o,0,1
this should have been enough 2 just say no notmypres wtf2016 neverump unpresidented bigot,1,0
well flip flop to you all nationalflipflopday,0,1
a surprising read to make you gt gt gt the betrayal of ka lt lt lt scifi kindleunlimited,0,1
tonight im about to cry because im 10 you have to be 15 to skrillex is conce and by the time im 15 he ll be 33 he might not contine,0,1
montana says no to racism whitefish montana nazis christmas hanukkah richardspencer andrewanglin,1,0
a fast talking chuck no shit the irony is a bit much here birds chuck,0,1
what has todays attitude to women got in common with that of norman bates psycho feminism hollaback,1,0
feverailer can tmiss for fever you ll rock it,0,1
this is wots happened to footie dressing rooms nobanter,0,1
r i p you will be dearly missed prayforchristina ripchristina mayyourheaopen,0,1
he can t even come up with new putdowns lame,0,1
the immature is just trying to make a fool of xenophobe immature moron,1,0
porn vids web free sex,1,0
how u pregnant and fucking different niggas,0,1
jeff sessions omits decades of records for his ag confirmation hearing you can t hide,1,0
this is whats wrong with america must step down prolife orlando,0,1
cotd polar bear climb racing angry polar bear climb racing the polar bear living in cold places looking,0,1
president woodrowwilson held a private screening of d w griffith s bih of a nation history 13th,1,0
this sums up why i voted for brexit not or littleenglander syndrome but sovereignty and democracy,1,0
your an idiot did you notice your losing your incompetence is gop is done,0,1
omg so hea breaking my prayers go out to this family god bless hate hatekills senselesskilling,0,1
stop legitimizing by using alt right amp call them what they are neonazis from nazi doctrine incl ultranationalism,1,0
my gf used uber without forcing language preferences so you are reading my data and making ux choices,1,0
some of yall say you re in your relationship but will tweet shit like i want a girl guy to do this amp that for me,0,1
conjuring saturday the smoke amp sleeping at s shesthebest,0,1
happy chelsea staffy staffordshirebullterrier ginger instadog dog puppy bitch,0,1
facebook is just a political warzone these days,0,1
painful truth another gunman w hate ideology racism trumpism islam christian has easy access to assault weapons,0,1
newsghana a request from christina grimmies brother to her fans will tear up your spine,0,1
democrat pay has alway been the pay of before it was black inferior to whites now whites are inferior to everybody,1,0
we live in a world where people complain amp post things to justify their laziness instead of getting up amp doing something to change it,0,1
bout to spend new year s eve playing the game lol,1,0
football amp a major cheat night tonight girlienight,0,1
rightly so gop hates trump more than obama,0,1
trump corruptgop history can not be erased with your money and power,1,0
trump s allies r unstoppable obama via christmaseve,1,0
it s time to end now days of our lives live shyan selah cafenoirproject,1,0
salt lake tech workers experience least racism survey says deseret news,1,0
how is the word love even in your vocabulary do you know what it means notmypresident resist 2017,1,0
both amp dumb pelosi,1,0
amanda is pissed because trump ruined her boyfriend s political career,0,1
jcpenny ranting so no one no one in line said anything silence is complicity in racism speak up pe,1,0
free porn thailand white girl has sex with black guy,1,0
major withdrawals from home right now lonely homesick amp,0,1
i decided to become a feminist beginning 1 1 17 if any feminists are reading plz help to find educational materials feminism,1,0
stuck in the rat race find your freedom masterkeyexperience,0,1
last week christina grimmie then orlando yesterday a british politician where does the hate come from,0,1
people use tragedy like this to fuel their hate agenda towards entire groups of people and that s the opposite of helpful,0,1
what a piss poor excuse,0,1
a giant version of the flag of rebellion sedition and flapping in virginia on i 95n,1,0
nigelfarage for too many years any criticism of immigration or its effects on society have been shut down by,1,0
a surprising read to make you gt gt gt the betrayal of ka lt lt lt scifi kindleunlimited,0,1
advanced value chain videos at valuechain,1,0
prince charles offers a danger will robinson he ain t wrong trump fascism,1,0
so sorry,1,0
why am i not surprised a murderer got endorsed by our president this is so screwed up what happened to america killary,0,1
i m disgusted that you idiots and the media go straight to islam in regards to the shootings this was more than that media orlando,0,1
pure today in cologne everybody looking arabic is kettled female friends had to leave for better pics of media presented by gov,1,0
fix the website for the love of the seven gods people are going insane,0,1
the tragic death of british mp joe cox should serve as reminder to to cool down the political rhetoric on all sides it can be deadly,0,1
no wonder other countries think america is full of idiots in a time of crisis we point the finger at one another in our own state,0,1
just got done watching 13 hrs man what did we do to our people shameful we need trump now our gov is pathetic,0,1
the world of extremism,0,1
dear uot despite our attempts to savecharity i regret to announce that we ve lost her tragic rip angelic friend we will miss u,0,1
folks be out here faking relationships for likes you won t get me,0,1
alone depressed depression selfharm suicide suicidal cry tears cutti vine by social anxiety,0,1
silence betrays the innocent activism hunger nofur animalrights noyulin eah wildlife vegan lgbt,1,0
rage revenge liam neeson sam raimi darkman peyton westlake via giphy,0,1
she calls these butt cherries it s so gross but she gets so everytime she finds one,0,1
this is the type of nonsense from republicans is holding this country back prayersup for the family,0,1
what a terrible week in news jocox murder is so tragic and so terribly sad sending prayers to her family londonmp murder,0,1
nice1girl na horny slut kinky nude hot nasty sexy porn naughty snapshot xxx young wet shy,0,1
well donald trump has officially reached the bottom this clown is paying hood chicks for promotion,0,1
holidays france instamoment instagood hi live life sea sun sunshine hey,0,1
when did you stop giving real sour cream lite anything is gross amp almost always worse for you than the real stuff confused,0,1
what the heck is going on a gatorsnatching a baby off the beach at a floridian reso omg i can t take this shizzz,0,1
it s 2016 would you question hillary like that considering her age condition amp fact,1,0
media amp politicians r making it all about guns amp radicalislamic pending on agenda amp mourn the victims orlando tv,0,1
check out this flyer for trump yay titties question do we have to bring our own pussy to grab or will pussy be,1,0
i ma incredibly dishonesty narcissist constantly slandering others but it s not fair when i m on the receiving end,0,1
lol and then there was this little jerk squirrel wild strange silly nutjob,0,1
work out the idea of creating a substantive argument and making a point rather than calling names,1,0
i m so deeply saddened by orlandoshooting almost numb from pain rhetoric amp anger is palpable online i m sick of the sick people,0,1
when yo brother is a rapist and you post his bail shady look in a mirror bitch,0,1
when in doubt vitaminsea sea instagood,0,1
the real jeff sessions neverump swampmonster,1,0
you might be a libtard if libtard sjw liberal politics,1,0
how far has systemic hate come first giving a shit about where trans people piss amp now killing unarmed gorillas s,0,1
cracks me up every time i see it lol leafypages,0,1
so very sad so very young ripantonyelchin,0,1
lonely knowing that his anger cost him everything dear in his life he lost his determination,0,1
girliguessimwithher tag is the saddest representation of how people feel they are now forced to vote for her,0,1
whitegenocide bigot telling white students they don t deserve to live is the reason won t die,1,0
gotchu swearing i m in a castle dt,0,1
south sudan unrest exacerbated by conflict among cattle herders global development the guardian oil,0,1
you might be a libtard if libtard sjw liberal politics,1,0
the lack of systems thinking creates fragmentation which in turn creates more oppounities for ss to fall through the cracks,0,1
i say it was just as good as thekingsspeech but it won t win an oscar,1,0
what the hell is going on alligator drags a two year old child billionairemag,0,1
stuck in the rat race find your freedom masterkeyexperience,0,1
i want to punch a person,0,1
feminism and equality helps everyone it helps men and women hus everyone everywhere,1,0
anyone on ubuntu and or just running systemd resolved beware disaster,0,1
this white crowd turned its back on an all black basketball team at a high school game trump,1,0
that s the problem he doesn t even realize that mentioning the judges ethnicity is racist,0,1
own team up with new mc amp show what phillysuppophilly amp combat,1,0
going to bed with a headache only means one thing i m in for an even bigger headache all day tomorrow headache eyesarehuing,0,1
when i asked the sales assistants if they heard they quickly copped out hmm i wouldn t be surprised they said,1,0
dwd wetterwarnung starkes gewitter in schwandorfchwandorf 08 06 13 20 08 06 15 00 warnung wetter,0,1
bill liberals love their bleeding hea hashtags imfragile,0,1
so terrible this reminds me so much of selena a beautiful talented rising star like christina murdered by scum,0,1
trump ny co chair i want obama to die of mad cow disease and michelle to go back to being a male trump,1,0
msg of hope for newyear a business to end endof2016 tedtalks tedatibm,1,0
the latest the equality echo thanks to equality,1,0
how did it get that bad what did no one notice why why hate hate does that jocoxmp insipid tragedy tolerance,0,1
word factory race denial prevents healing southafrica leadership transformation inequality 13,1,0
hot girl sex games white girl has sex with black guy,1,0
just heard about the pulseshooting in orlando i am so sick and tired of this madness and and so sad for all this loss,0,1
falsenarrative falseequavalency your comments are reflections of ignorance and,1,0
we have human beings killed b c of their sexual orientation refugees suffering amp trump yet is worried about chickens,0,1
i ve been trying to get male family members on board they can t quit being fanboys whitegenocide cuckssuck,0,1
dear lord caputo blow the roof off of it now oitnb season4 episode13 oitnbchat bingewatching,0,1
wakeuppeopl3 duck motherfucker misinformation conspiracy motivation,0,1
never go to bed the anger turns into bitterness and the bitterness turns into hatred conflict amp emotions,0,1
worrying that teens are on tinder as young as 13 scary,0,1
carl paladino trump ally wishes obama dead of mad cow disease in 17,1,0
terrible war in our world ideology vs humanity equals liveslost problem throughout our world banassaultweapons,0,1
hey congress how about instead of sending out thoughts amp prayers u do something it s ur fucking job orlando,0,1
psa in the age of information the true ethnicity of biblical people has caused an overlap of and,1,0
spoilers i am heabroken that turned on mitb womenswrestling,0,1
one today can t believe it bihday timeflies,0,1
i c sociopaths low iq satanic everything that is an abomination2 god will b the norm as well as committing a1 felonies,0,1
you might be a libtard if libtard sjw liberal politics,1,0
a sign of the evil to come epic anger shout man manga awork by anna riley,0,1
oh noes youtube is persecuting and censoring jim now its a conservapocalypse,0,1
are you black amp feel like the are on you listen retweet tampa miami newyork,1,0
looks like prayforoakland tag is full f libtard bot comments i trolled awhile same repetitive word4word complete chicago,0,1
has fooled a lot of young ppl who haven t researched her felonious acts her blatant disregard for 4 americans lives,0,1
this is the main reason twitter sucks people hide behind their handle and think they can say whatever they want weak,0,1
dollar s appreciation is a drag for the fed nomura blog silver gold forex,0,1
pay porn free video jokes about women,1,0
it s all fun and games until your teammate in rocketleague calls you an idiot sameteambro,0,1
kai s first time on the log ride sofunny scared hisfacetho knott s berry,0,1
why can t noco just be killed off already annoyingchild hateher getrid nogood hollyoaks,0,1
incredible content beforesex,1,0
i thought she had 72 assistants gladshesgone nohope,1,0
kept my mouth open during the loop on california screamin and drooled all over my face joy moisturizer,0,1
the dems need to keep feeding their narrative marxism,1,0
internalized homophobia is real why was this an option at all sick,0,1
sir u r commiting a blunder india deserves this man forced banks to reveal their actual position guv,0,1
go with your gut this week and do what makes you consciouslyconnecting,0,1
british lawmaker lp amp mother of 2 jo cox assassinated by right wing nationalist who shouted england 1st,0,1
what a day nutella shit girls instapic,0,1
prayers for orlando such hatred in the world prayersfororlando orlando ness unite prayfororlando,0,1
passengers at brighton station demanding end to franchise for inability to run train service,0,1
2017 will be a wonderful year if you re a craving an authoritarian hand,1,0
tackling systemic racism and our biases through empathy read sdgs edchat,1,0
so is it offical that jews are officially in the eyes of the libtard masses,1,0
competing threads of hate in the orlando club shooting antiislam anitgay which hateful ideology wins orlandonightclubshooting,0,1
pipe down kady love acting like you re nails and a total badass you mess with his head all the time this is karma loveisland child,0,1
don t be sorry be better godofwar e32016,0,1
brother even as a heat fan i ve low key wanted bron to give cleveland the chip but this shit i just saw is bs smh,0,1
so scary breaks my hea when will this darkness end,0,1
birmingham friends don t miss this special lecture on bonhoeffer and racism from bonhoeffer expe,1,0
the major kind of that people arent talking enough about via environmental,1,0
it s no surprise that trump s chosen administration is a mere basket of racists though hillary is a liar but,1,0
someone who wished he was an ex and a pugfaced little drama queen bitter ugly,0,1
jaaaaaaa i can t wait hype insane heavymetalneverdies,0,1
when you see something that surprises the fuck outta you and are still in shock,0,1
makes you ask yourself who am i then am i anybody until god oh thank you god,1,0
ohhhhh am gonna miss my mornng coffeeee this sounds very very very weird am totlly tired with this science,0,1
planning day today with my new september role hat on nervous,0,1
this bell pepper is really he got cut open,0,1
s a d w o r l d dessin sketch moodoftheday instamood ness tears,0,1
putin amp netanyahou have been talking on the phone what s the thug obama think about that oh who,1,0
please don t forget to use the word that is what binds these men we can never ignore or excuse that,1,0
i genuinely teared up at the sisterhood of travelling pants movie didthatreallyjusthappen sad toomanyemorions,0,1
all these tragedies in america first with the killing of christinagrimmie and now orlando america is not a safe place to be today,0,1
when the girl code doesn t even exist anymore rant why helpless girl wishiwasbetter itcouldvebeenme fuck,0,1
watch mob of islamist attack a radiohead fan 4 drinking beer in turkey ramadan,0,1
let 2017 be that newyear where america chops down obesity knocks down amp prejudice pride make a better amp enjoyable lifestyle,1,0
last retro christmasadve for you this year and whilst i do love a good bit of tupperwear i do not want,1,0
j c penney employee holds customer in headlock wow and they havent responded corporatebs boycottjcpenney,1,0
tech 10 symptoms of having a paner obsessed with bitcoin infographic,0,1
keyshacreamy na wet porn kinky horny xxx slut hot young snapshot nasty naughty sexy nude shy,0,1
a very sad year ripantonyelchin rip antonyelchin whatayear,0,1
wakeuppeopl3 what if the nsa motivation,0,1
elections2016 bullshit this is what happens when you don t bother to factcheck losers yourealldoomed,0,1
they are the silent majority amp it s frightening amp beyond pray for orlando,0,1
keep up the opposition to endthenation,1,0
share i never been thoughj experience amp i never looked at caucasians any differently watch this,1,0
oh yeah it s literally wverything when acknowledges your tweets i feel impoant bingebook,0,1
after sex real college fucking,0,1
lock the gate pamgelleheracist mmiw mmiwg,1,0
passenger hits brooklyn bus driver with bottle after argument jobs jobsearch news an irate passen,0,1
as suspected family section improvements is just reducing the size of family section,0,1
kejriwal must accept role in making of udtapunjab conspiracy to defame punjab,0,1
guys maybe he s famous but the most impoant thing is is human this is ridiculous sorrybradley,0,1
ouch junior is angry got7 junior yugyoem omg,0,1
julie u spoke to us we just didn t understand it then ripjulie,0,1
all men are created equal and if we dont believe itmaybe we should stop saying it hube humphrey bigotry,1,0
you hu my feelings so much you staing beef with me took all my motivation away depressed help,0,1
no i didn t enjoy it you have destroyed the big brother brand you can t even keep secrets what a waste of time tuningout,0,1
keep in mind is totally not but all whites are dumb,1,0
noticed how some things make you bitter do this to be at all times sta by forgiving others and yourself,0,1
gays killed en masse by islamic murderer but this twink blames for calling out the culprit,0,1
the sad thing after the mass shootings happens it seems like the crime rate goes up afterward it seems to be true for san bernardino,0,1
guys call an ambulance i think i am going to die are you trying to kill me,0,1
antisemitism kills in 2017 remember no one is born to hate love can change the world,1,0
screaming lolathecockatoo screaming crazy hyper running windowsi vine by lola the cockatoo,0,1
and i came home to tacos so there s that homesweethome,0,1
michaeljace actor on theshield committed a horrific act may god help his family what a terrible legacy,0,1
curbed wheel gutted curbedwheel alloywheel money bollocks,0,1
you might be a libtard if libtard sjw liberal politics,1,0
family feud i thrive on it bitches,0,1
dk3 kind of ruined for me danitykane stilllovethemthough,0,1
golden state lost today game7 pissedoff,0,1
lt no more feeding at the public trough piggy michelleobama,1,0
democrats are the 1st to tell jokes,1,0
don t know how ppl don t get tired of drinking every weekend and causing drama like that s just disgusting sick growup moretolife,0,1
sometimes i just gotta list it out inthesunshine,0,1
everybody sympathize with this family but when the little boy fell in the gorilla pit most wanted the mother condemned thetalk,0,1
hey white people you can call people white by race identity med,1,0
bigot brigade still pumping klanservative racebait,0,1
i don t wish an happy new year to a an homophobic a warmonger a a worlddanger like you,1,0
the education of public servants is a critical pa of the path forward so true,1,0
why are white people expats when the rest of us are immigrants whiteprivilege,1,0
newmetro angry mama microwave cleaner ilovesavingsca amazon mama,0,1
wokeup this morning n tears so thoughtswithorlando prayforhumanity prayfoheworld 1world 1struggle 1love,0,1
seriously sad amp scary scary,0,1
if i kept getting interrupted amp talked over by commercials it d piss me off livestream dontwanttomissanyoftheshow,0,1
closeencounters of the fatkind fatkid dese sick tired maybemono,0,1
no balls to own his coward,1,0
what an awful mean world we live in scaredfohefuture,0,1
sad aspect of rule by bigbiz gt u s companies fleeing venezuela to escape country s collapsing economy,0,1
i have never seen anything so utterly pathetic as a sorry for herself houdini doc who s back from having her teeth cleaned at the vet,0,1
never be content to sit back and watch as others rights are trampled upon your rights could be next iqg,1,0
there has been so many acts of terrorism on our homeland under obama more than any other president too many dead americans orlando,0,1
baseball oiz davidoiz bigpapi papi mad smash temper dugout s vine by,0,1
peruvian women nds adult game,1,0
so sad ones gt gt gt,0,1
when will this pms end i hate feeling my feelings of hatred bleed vagina just bleed girlproblems unfocused tmi,0,1
most dangerous and deceptive speech ever knows nothing about immigration policies scary neverump,0,1
everyone is talking about armin s death lol itshouldbesad letsseetheoceaneren butthisisfunny,0,1
payintheusa polar bear climb racing angry polar bear climb racing the polar bear living in cold place,0,1
i muted her because if she comes back to say something sma and inconsiderate about me all because she can t learn to love herself,0,1
are you on instagram come join in with myhappycapture bloggers,0,1
people aren t protesting trump because a republican won they do so because trump has fuhered amp,1,0
stop perpetuating false racism and leftist subversive politically correct propaganda america is not racist w,1,0
the bears rapacious hunger for oil also sealed its doom allahsoil teambts,1,0
meet the wilmington peacekeepers they walk in beauty cnv week of actions peace povey climate,1,0
i hate rere,0,1
clusterfuck when will address systemic mass murder in arab states s,0,1
why is obamalegacy only showing negative stuff i m so confused obama potus donuldtrump,1,0
and don t forget that per megyn kelly of fauxnews jesus amp santa are also white religion,1,0
you re a lonewolf who ll probably snap 1 day go kill something you re a hate merchant,0,1
while can use phrases like sandniggers is acceptable 2 ya hm u is,1,0
icymi yesterday this is what one peh venue offers for nye enteainment rapeculture vaw some ht,1,0
jobs chief angry over stolen lands nii adjetey obuor buor ii the gbee owomli mantse,0,1
nigger lifelessons of white kid growing up in the 60 s bloggersblast respect,1,0
silent screams on wattpad poem poetry poet quote writer author love,0,1
stlouis still needs help thinks he s survived we need to get him out of office asap ferguson,1,0
you know a girl is hu when she ignores you quotes,0,1
seems its escaped your attention that bashing whites isn t winning you any elections over 1200 dem seats lost 08,1,0
feelin goood thursday piglet sunbathing stretching,0,1
terrible news jo cox mp hea goes out her folks terrible thing happen someone helping people,0,1
based on recent commercials from state farm and old navy omarosa s choice is clearly,1,0
she has an identity disorder from social rejection like many libs,0,1
saw a t shi last night that said rip to when i cared really,0,1
omg that s i thought our police services were aces w victimblaming,0,1
book enduring conviction fred korematsu amp his quest for justice humanrights ht,1,0
innocent but 80snostalgia i d love a gollybar said every irish kid ever,1,0
current mood alone anxiety rain thistooshallpass,0,1
aap congress hell bent on vitiating communal harmony in punjab bjp leaders,0,1
reminder vanishingwomen is on tonight missing chillicothe women scary wherearethey,0,1
who sounds like the idiot throwing a temper tantrum like that are you under 12 lastword,0,1
diabetes cancer pneumonia kidney disease hea disease what the heck is keeping this poor man alive,0,1
nervous to be leaving the country for a month i m scared i ll get homesick,0,1
not seeing a mass out pouring of love on social media over these horrific events no rush to change facebook profiles etc shocked,0,1
so you are painting a target upon seeking someone rids you of your threat,0,1
this is sooooo or may be just funny,1,0
i got the call yesterday mom was diagnosed with stage 3 ovarian cancer i m terrified she s terrified just don t know what to do,0,1
5 more sleeps until bring it on thefixtour nelly,0,1
will the alt right promote a new kind of genetics mt,1,0
next attack wont be in japan guaranteed smaimmigration zeroattacks istanbul religionofpeace reliability,1,0
allahsoil we think of cultures as separate and distinct from one another,1,0
are you on instagram come join in with myhappycapture bloggers,0,1
i gotta hand it to you keeping it pretty darn cool in the face of such blatant,1,0
those opposed to negligence hatred injustice climatecrimes ecocide will let trump know our agenda 2017,1,0
buffalo newyork trump ally carl paladino slammed for wish list for obamas what a cockwomble usa,1,0
removing toxic people anxiety gad phobia panic agoraphobia ptsd ocd bdd,0,1
if these are the scenes at euro2016 then i fear for the next,0,1
koreans amp joseon people in japan will abuse the for claims of own rights by rough demo algona,1,0
you might be a libtard if libtard sjw liberal politics,1,0
so sorry to hear that you put a lot of hard work,0,1
tell me ur predictions in the ask box pls huhu selfpromo,0,1
the white establishment can t have blk folx running around loving themselves and promoting our greatness,1,0
what a shame to see after 16h of training the model not doing what you expected deeplearning timewaste,0,1
today is a very one stop the murdering orlandolove god,0,1
so wonderful to see an intelligent woman stand her ground against a condescending jerk,1,0
i have way too much shit to look forward too,0,1
you might be a libtard if libtard sjw liberal politics,1,0
what ever you decide to do make sure it makes you instamood,0,1
who was she waiting for did she get set up godblessus,0,1
another example of religiouspsychosis it s an epidemic of brutality amp ignorance,0,1
and the teapay biher trump movement,1,0
red from birds in real life cranky cardinal is a dead ringer for,0,1
kill em w kindness revival sunrise rebelhea morning pielcanela,0,1
elianny magcon demilovato onedirection gainpost fifthharmony shredded foryou tumb h,0,1
huge black dicks porn pussy,0,1
so sorry to read this after so much pain,0,1
rrrr some one else killing oh just watch abs cbn news channel youaresoverybadguy,0,1
if they say their comments are just a joke or smth it will be just their opinion i don t think so it s a,1,0
just pre ordered this it sounds a really great book,1,0
i think i m falling i m falling for you the1975 love lyrics,0,1
i am heabroken for us all today when we forget how we are all connected it becomes easy to attack that needs to stop orlando,0,1
welp getting my blood drawn in like an hour woo,0,1
the latest the african american turmoil thanks to blm,1,0
rahul forcibly asking punjabis to admit they are drugaddicts,0,1
sick verbal irony of the left equaling homophobe amp islamophobe protecting both the viper amp the mouse as the viper eats the mouse,0,1
sick pakistani teen burnt alive by her mother for choosing own husband via,0,1
what do you think of alexjones saying draintheswamp populationcontrol you had good videos with him they got him,1,0
hey you unless piece of garbage obama will always be more of a man than you ever will hillbilly,1,0
potus is attempting to sabotage or country in his final days israel obamacare isis energy russia,1,0
34 weeks thiy four weeks testosterone followme,0,1
sick of feeling down and stupid sorry to everyone i messed up with and sorry for being a weirdo and letting everyone down miss u all,0,1
everybody hates the white crayon,0,1
terribly depressing news ppl we losing way to many awesome ppl nowadays so rite now,0,1
one of my does is pullin mad fur hopefully wake up to some baby bunnies tomorrow firstlitter lionheadrabbits,0,1
2016 the year in,1,0
everyone is everything sad together alone up down fine dandy lonely exuberant depressed halffull halfempty,0,1
babe sunday with eva love life baby dog instagood animal animals,0,1
fathersdaymessage father s day message tie zazzle buy things about h,0,1
no joking matter officers fired for joke about target practice in black neighborhoods via,1,0
i am not shopping at until they purge all trump products who do they think canadians are,1,0
trump campaign official wants michelle obama to be let loose to live with african apes notmypresident,1,0
it isn t to target illegals and or criminals it s just plain commonsense,1,0
reading list for the new year afrofuturism anarchism capitalism colonialism magicrealism,1,0
you said it all in your 4 last tweets will all this crap end one day,0,1
amp the media constantly repeating him has ushered in an unfounate acceptance of insults as political rhetoric,0,1
theresistance resist we must stand together with all of our brothers and sisters,1,0
to all of those who answer replies to my youtube comments you do not i repeat you do not know me when i m angry goodluck,1,0
presently there many who asking c to attack the ldf again how,0,1
got totally shut down for flavour ideas by so,0,1
idk what its like to feel loved depressed tbh,0,1
no joking matter officers fired for joke about target practice in black neighborhoods via,1,0
little things make me so fianally got my order from india link in bio,0,1
haunting atmospherics studiotime,0,1
feminismiscancer feminismisterrorism feminismmuktbharat why malevote is ignored,1,0
already digging in to armorofgodstudy with the women of seabreeze church in largo fl prayerworks activatedlife,0,1
deep thought oops hellyshah hellytweets sad reellifers,0,1
um why a girl and not a boy or maybe just gender neutral teenager,1,0
just what such a victim needs at this point what a joke spaciba,0,1
yes he is but sadly he s just 1 of many amp even worse is the fact the higher ups that should be level headed are just as bad,0,1
last day of our rabies campaign found these neutered dogs endrabiesnow,0,1
women nude anal anal t girls,1,0
pastor maimane won t respond to that zille is his boss and she literally made him he will kiss his job goodbye shou,1,0
thesis and gradphotoshoot above all sablay,0,1
be n healthy fear is an affliction housed in the imagination and as such may be overcome by the intellect noelcastanza ff twt,0,1
when i feel recognizing expressing amp managing anger printable activity color and b amp w ver,0,1
alt right and euro conservatism trump,1,0
sorry for the pain and anguish this has brought to your area orlandostrong orlando,0,1
hump on that hump day humpers edwardsville pennsylvania,0,1
g2l lateview murdered soul suspect murderedsoulsuspect boxa bellkiller,0,1
proof blocked me astounding ludicrous and pathetic to think i respected them jokeonme smh,0,1
crazy stuff what s goin on,0,1
no liberal believes that we are the pay of inclusivity who believes in equality for all anywhere you are a tra,1,0
if you have a bad day just make a selfie and you know how ugly it looks bad bad day,0,1
hold me amp make these thoughts go away hatethis holdme,0,1
and all those others that didn t win are losers i hate losers,0,1
racist assholes ban one of the sweetest and kindest breed of dogs when will humans be blamed for pits stigma,0,1
angry birds stella birds birds stella birds birdsstellabirds time post wed jun 15 22 42 09 ict,0,1
why please explain to us why we re bad,1,0
stfu bitch if u have anything against me or wanna talk shit about me then come to my fucking face bro bitch,0,1
u need understand me i m like you sometimes bored frustrated,0,1
politics is great in theory but politicians are all self obsessed point scoring children amp idiots take their word as gospel dangerous,0,1
my smokey has the same problems he either shakes uncontrollably or dashes around our apt trying to find a place to hide,0,1
aap congress hell bent on vitiating communal harmony in punjab bjp leaders,0,1
my age gender or race should not define my capabilities in 2016 ageism,1,0
the first pas for projectarcturus are here from mayhems,0,1
toptags top tags nothappy cry crying tears,0,1
europe proves that diversity amp multiculturalism bring violence rape amp ruin to our white western countries,0,1
stuck in the rat race find your freedom masterkeyexperience,0,1
feel rage of angry blue shark gplay hungry shark games android texas tech,0,1
dad fucks small teen babysitter mp4,0,1
this is so sad,0,1
white social justice warriors getting it wrong again via voterid maga p2 rnc dnc vote,1,0
extremeboy1 na porn nude hot shy naughty nasty kinky slut sexy horny young snapshot wet xxx,0,1
bihdaygirl champers and creed this morning then surprise time it s bloody roasting,0,1
first my closest friend kim dies and now my cat is dying ugh damn it what the hell did i ever do to deserve this fuckmylife,0,1
this is really shocking just days ago he signed keshi s condolence register now people will be signing his own today rip,0,1
bitch i slay blackseadancecamp 2k15 borntodance,0,1
you scare the hell out of me daiting boy scared,0,1
seeks probe into udtapunjab leak points finger at amarinder aap,0,1
scary you re on fire today to bad it s for this reason doyou,0,1
horrible attack on good loving people in orlando my thoughts are with the victims and their families and friends orlandoshooting,0,1
seriously lede come on you can do better,1,0
this voice was silenced by a maniac with a gun damn him to hell ripchristina ripchristinagrimmie rip,0,1
extremely sad to hear about orlando shooting so many lives affected because of one senseless act orlandohorror guncontrolplease rip,0,1
seriously lede come on you can do better,1,0
insomnia notsleep damn rendeime,0,1
checkout today s trending gif of the day horse maximus via,0,1
holy shit i miss my girl so damn much and its been like 3 days since ive seen her what the fuck,0,1
leave a gweh below if in 2017 you will no longer debate wypipo about slaver,1,0
end times i m staing to wonder if god has totally turned his back on america this is sickening,0,1
just learned that there re men who find breast feeding repulsive amp some of those are fathers does that makes any sense whatsoever,1,0
angry birds stella bad princess birds stella bad princess birdsstellabadprincess time post wed,0,1
fakenews and a must feel good,1,0
figgity figgity fucked up emo yikez,0,1
you go girl maga,1,0
allahsoil not all westerners are islamophobes emiratis 2016in4words,1,0
check out this post confession i m america controversy equality kaepernick nationala,1,0
my bf s ex is needs to let go they broke up 7 years ago db,0,1
feeling horrible for the people in orlando florida sorry prayfororlando,0,1
this guy look like his brother is who s first wife found him w another man having sex documented on a tv,1,0
stop can t handle their drink or the heat along with bad manners and racism in a volatile city,0,1
thats you liberals,1,0
haha i get it,1,0
sick of liberals thinking it s ok to dictate where they think israeli jews should be allowed to live including in isr,1,0
this just hit too close to home prayfororlando,0,1
newhair lapis rollen new hair brond gradation my instapic instagram instagood l4l girl g,0,1
finally watching conjuring 2 movie conjuring2 scary nervous fun,0,1
taking guns away or giving people guns it honestly doesn t matter because people are gonna still be hateful and do what they want,0,1
i have always loved your super beautiful amp yummy asshole waitng your firstanal,0,1
hearing the rain makes me feel hyper,0,1
by the time you get to saying notallmen you ve already missed the point misogyny,1,0
today at for colourmehappy thecolorrun london wembley colourful,0,1
donkey zionazis proud of murdering real palestinian semitic children thats what i call antisemtism,1,0
todays shootings are an attack against us all but i especially hu for my lgbt friends prayfororlando speechless why,0,1
black12iwhiteboy na porn nude xxx nasty young horny slut hot shy sexy naughty kinky we,0,1
so it is a sofa full of scared people with a need to shout about what we should fear outnumbered,0,1
netflix has a countdown screen for season4 i literally almost cried countdown,0,1
the end of me selfie love messi cr7 religion christianity mecca live,1,0
father s day is coming amp my depression is rearing its ugly head focus on my sweet husband it s his day,0,1
pussy flavor fla porn,0,1
corporate warmongers remain laugh at the pigs going insane brexit is coming voteleave,0,1
an act of hate stas a wildfire of more hate instead of coming together we just hate each other for having different political views,0,1
all 3 orlando tragedies r horrific a young singer murdered 49 innocent angels murdered 53 wounded amp a baby killed by an alligator,0,1
okay this is the most painful story that i have ever had the pleasure of writing feels pain death itsliterallyheabreaking,0,1
allahsoil the cold war was also fought over oil teambts teamsuperjunior,1,0
regret having ever donated to at maydayus yeah big money is a problem but have you been taken over by bernie bros or something,0,1
i don t even know how bad i wanna kill myself right now lol,0,1
this makes me so curbyourenthusiasm i lt 3 larrydavid hbo,0,1
7 ways facebooks repoingsystem fails its communitystandards its users by blacklivesmatter,1,0
lessismore polar bear climb racing angry polar bear climb racing the polar bear living in cold places l,0,1
yep says he is a racist but still wants all to suppo him shows who the are in 2016 imwithher,0,1
techjunkiejh the daily show unpacks against blackwomen and asianmen on datingapps,1,0
absolutely disgraceful this makes me so fucking angry they are scum and they make me feel ashamed to be english,0,1
something needs to be done like now not in 5 years time now orlando florida tragedy guncontrol,0,1
lmfao deadass,0,1
he hates himself and thinks everyone else is the same,0,1
she was there performing and signing autograph for her fans wot her brother amp this man comes shoots her and kills himself ripchristina,0,1
you can t help the damsel if she loves her misery,0,1
i m so sorry that in this day and age people can hate so much to kill just because of their sexuality religion or colour,0,1
people aren t protesting trump because a republican won they do so because trump has fuhered amp,1,0
justsaying jamiedornan makes us so photocred to owners,0,1
damn this really made me tear up a little mustread,0,1
can t w8 2 cu all sunday nite funbus misseduall horny,0,1
great aicle about finland whiteness and equality,1,0
anxietyproblems frustrated annoyed too many emotions and not being able to express them,0,1
for fuck s sake orlando disappointed unsurprised,0,1
america first before all others we should be ashamed of our selves,0,1
to save yourself you must break down other people in the process,0,1
the world has become a place where people need to complain and generate faux outrage to feel impoant,0,1
wheniamalone alone lonely noonecares ness upsetting dipressive stay strong does anyone else,0,1
indianapolis colts black cheerleader hugs boy who used slur so much class,1,0
what a cowardly president we have in anerica orlandoshooting,0,1
how far is europe swinging to the right nyt libcrib uniteblue fascism trump fear ignorance hate,1,0
snow white gt open gt sleepy sneezy and bashful or dm us today,0,1
just words fake words in this case gather around her false light children and you will die,0,1
freakyfriday angry milf milf milf,0,1
listening to sad songs on a monday morning otw to work is sad,0,1
nothing would be more dangerous than to give putinschoice the impression we accept stopracism boycott,1,0
p sherman 42 wallaby way sydney i remembered dontforget dory,0,1
damn this really made me tear up a little mustread,0,1
asians pussy pics hardcore events,0,1
crying natalie poman barber v for vendetta hair cut shaved head,0,1
no comment in australia opkillingbay seashepherd helpcovedolphins thecove helpcovedolphins,1,0
it s a shame when you have no regard for your children some parents of this world make me sick,0,1
yo boys and cigar thursday boys got much to catch up w ya boys,0,1
usd faces fresh headwinds westpac blog silver gold forex,0,1
ripantonyelchin and 2016 takes another one from us,0,1
what an appalling week first christina and then the orlando tragedy inmythoughts nowords greatloss humansgetyourshittogether,0,1
can t wait to run in stanley rodeo this friday barrelracing,0,1
sexy as fuck directioner niall nialhoranfacts niallerwins hot justindrewbieber justindb believetou,0,1
sad looking bear redditor i124qnds looking bear,0,1
so do we terrible attack hu prayers,0,1
i m so upset we missed this because we got stuck in the mud on your car park had to leave cus we were filthy,0,1
day jungkookday predebut jungkook pics,0,1
yes because apparently being qualified for a job is dependent upon your ethnicity,1,0
so what are you saying blacks criminals blm teamd,1,0
we live amongst people who prefer honey coated lies to the bitter truth,0,1
retweet if you agree,1,0
you were must created in russia this morning get back to me when you have been blocked by the gope deleteyouraccount,0,1
ive had my id checked by the police zero times in 8 months of course the discrepancy has nothing to do i m a wh,1,0
ucla campus placed on lockdown after two shot via scary i hosted on monday s,0,1
watch fancy tails s vine mad mad teeth bite pissed dog biting dogbite dogtreat,0,1
there is no way that this this man should be allowed to become attorney general liar asshat,1,0
angry grandpa is ungrateful via theangrygrandpashow agp ungrateful rage walkingdead,0,1
what s the difference between a jew and a pizza a pizza doesn t scream in the oven jokes jewishjoke,1,0
ha ha it s pathetic remain just don t get it do they brits don t like to be bullied or blackmailed,0,1
my lack of right now is making me very come back slack,0,1
donnabrill na slut naughty wet hot horny nasty porn nude young shy xxx kinky snapshot sexy,0,1
wth is wrong with people restinlove,0,1
allahsoil stones and humans are different but to gravity theres no difference em,1,0
patriotwatch 3 42 nooltham 2 eltham refugees auspol asylumseekers rwnj,1,0
joshwin is always like this what s wrong with that guy,0,1
sleep well broken my thoughts go to her family and friends who suffer during this tough times,0,1
even lost motivation to caption this crying suicide dep vine by queen depressed prayfororlando,0,1
so trump s campaign manager tweeted out a fake poll about how trump has soooo many aa suppoers dumpsterfire,0,1
sadly this so so so true disgusting trump2016,0,1
throws up a paicularly destructive l as she sneers loser,0,1
i fr have to bribe people to hang w me,0,1
the problem with good people is they put up with too much bullshit i m here to give liberalism some claws liberal progressive,0,1
people in this world baffle me how can you put someone else s number online wrong,0,1
it s working the social media divide is growing by the minute,0,1
it s crazy 4 ppl shot 16y o girl dead some say connected with a vigil for the boys who drowned but not con,0,1
any reaction to a volatile situation without thought will only make me punch you stupiditysucks quietpeoplearealwaysthoughtweak,0,1
you tell versions of lies with your hatred and vile attacks upon black men and women theron,0,1
nigger lifelessons of a white kid who grew up in the 60 s blogpost whitepeople respect,1,0
zadiq khan should be sacked over this it s insulting to us british,0,1
awful news some people have no sense or reason hope the course recovers and the police catch them,0,1
the other sad thing is there s probably many more as twisted scary,0,1
he may be correct i just can t pay attention to a communist,1,0
bihday shownu oppa daddyshownuday,0,1
yes you did and it s mock,0,1
why did the unitednations resolve that zionism is a form of,1,0
there s way too much going on in this world the end is really near,0,1
trying to come to terms with the sudden death of a close friend if making my head hu confused,0,1
viewer warning had a case of gravitypoisoning this week at mangara station frustrating but a real issue,0,1
let me tell you a story about and videogames specifically marvel super heroes vs streetfighter,1,0
its always a white christmas in my household onlywhitechristmas,1,0
after english p1 625 after english p2 125 sad,0,1
a darkday americas worst mass shooting in history 50 dead 53 injured horrific tragic so heabroken,0,1
i m literally right next to you dramatic cprceified,0,1
its free in sa but it s sad living here,0,1
racial discrimination interacts with genetics impacts health among african americans sdoh,1,0
if you think about it you are the one we love,1,0
finally watching pride and prejudice amp zombies,0,1
onerepublic wherever i go official video via,0,1
terrifying warning about ice cream trucks and chloroform blog silver gold forex,0,1
walking out the door knowing you re not gonna see your family again for at least a year is absolutely devastating,0,1
stubborn child be born mustberelated stubbornalready niece,0,1
and there you have it folx the numbers don t lie americans are mostly,1,0
very what happened in tel aviv israel will be strong tired of terrorism,0,1
says mike is jessica s bitch lmfao shahs,0,1
only 1 in 4 yes only 25 of republican voters polled believe what trump said about judge curiel was racist morningjoe msnbc,0,1
this thread is the fully bomb racism is the most effective weapon of white supremacy it has no i test in being di,1,0
people aren t protesting trump because a republican won they do so because trump has fuhered amp,1,0
you might be a libtard if libtard sjw liberal politics,1,0
cavs wins cavs fans kyrie lebron hell yeah all in cavs gsw fans refs were paid fvck throw damn lebron,0,1
i just really can t with life right now heabroken scared,0,1
4minute is disband this is going to be a sad day 4minute,0,1
all this hate amp violence during a time when we should all be accepting each other prayers for all confused orlando ripchristina,0,1
this is a completely justified call out on my comment again i do apologize,1,0
would turn keys of country over to racist really vs clinton fool hack,0,1
wow if your pa of the 94 i know too much i come across as a bit of a dick sometimes stupid questions,0,1
there is a big list of perveeds like you the whole world is hating but i just sympathise,0,1
trump ally made remarks towards obamas dec 24 9 52 am et,1,0
things making me blacksabbath berlin theend metal ilike brandenburg gate,0,1
this is so triggering,0,1
i mean can we do anything anymore news fuckedup terrorattack again orlandoshooting bbc tragedy,0,1
thanks mom to make me feel bad exactly what i need in a really frustrated and terrible day,0,1
i hate my life,0,1
that s fab many feel effects of lack of light clock change in paicular a time of anxiety you re a star x,0,1
i think baby likes plaintain had some for breakie this morn and the kicks and wriggles haven t stopped one day until duedate,0,1
hadn t realized extent to which was complicit in jimmy savile s pedophilia amp rape paedobritain,0,1
should have recorded when bitches was running from me but now you all tough onna gram,0,1
stephcurry s outburst begs the question can christians get nbafinals,0,1
scary that it s not that long ago,1,0
u should b ashamed of urself ppl looked up 2 u at 1 time now they feel u r the lowest of the low corruption,0,1
when when jack again major lazer main garrix zedd dwp16wishlist,0,1
hornsareblowing people screaming 52 years david my husband is wecried nbafinals someone shooting fireworks,0,1
billionaire chair of trump says he hopes obama dies and michelle goes back to being a male ape in africa usa usa2017 meltingpot,1,0
reading book the silent cry emotional insperationalwoman,0,1
let the scum baggery begin,0,1
mr paris dinnard is in denial smh,0,1
they are the silent majority amp it s frightening amp beyond pray for orlando,0,1
sabon body scrab sabon bodyscrubs body beauty saaya life,0,1
ohhhh so people really do think that because you are in an interracial relationship amp or have childrenofcolor you opt out of,1,0
i am honestly so hyped for mount and blade banner lord it s unhealthy xp bannerlord,0,1
sense the sarcasm dawg yuhunderstand sipswater weknowwhatwedoing hello allyuhchirrensad,0,1
why do americans have to be dragged kicking amp screaming amp whining to do the right thing guns rip,0,1
im strolling down my timeline all i see is people mad at the world for shit they did to them self today,0,1
if you broke hea any one one day your own hea will broke some one than you know the pain of broke hea feeling,0,1
why me why does it always have to be me emo black why,0,1
watch them not even have what i need answer your phone i m wasting my lunch for this shit,0,1
can math help defeat math literacy adultedu,1,0
what does mtv have against whitepeople ccot via,1,0
1 more friggen day wedding sorrynotsorry,0,1
what would you rather do fire warm winter carwash love cardetail customer,0,1
did you vote dailypoll on whitehouse dinner invites udtapunjab censorship by pahlajnihalani are you w,0,1
you might be a libtard if libtard sjw liberal politics,1,0
mitt lost the bloody election u amaze me w living in the past increase yr meds ur stuck in the past,0,1
angry birds stella fork in the friendship birds stella fork in the friendship birdsstellaforkin,0,1
there are so many people overdosing and dieing fuck the disease of addiction your the reason my best friend isn t here overdose,0,1
back for some people missingperson havingfunalone lonely hothl,0,1
worship has been hard to get into this year at camp the tech pa of me has gone crazy because it has been distracting borderline bad,0,1
it s session week butterflies nervous,0,1
lesson from history choose carefully main l king malcolm x reconciliation vengeance blacklivesmatter lg,1,0
bluelivesmatter woke manspreading is okay ifyourenotwhiteyourenotracist,1,0
dalton s upcoming album will be freaking dope soproudofhim,0,1
lion takes revenge on trophy hunter blog silver gold forex,0,1
allahsoil marx s revolution occurredjust not how he expected it to teambts,1,0
the blacks the blacks blacks facepalm smh,1,0
waltdisneyreso should be ashamed of themselves they knew their were alligators in that beach signs should have been up,0,1
jokeoftheday 1pun what does the tornado and black people have in common it only takes 1 to ruin the neighborhood,1,0
afghanistan is always invaded by foreigner fighters they always feel under command of other nations russia usa india shame,0,1
oomf be ready to fuck the next bitch after a break up,0,1
i agree that hrc wouldnt have won the popularvote w o ca much in same way trump wouldnt win w o the,1,0
too much on my mind at 4 11am thinkingofyou,0,1
hbd to this dick suckin tequila lovin slut i wouldnt want u any other way justalillate butstillontime,0,1
teen girl killed 3 others injured in downtown oakland shooting guns mentalillness gangs is orlando,0,1
are you f ing kidding me stopgunsnow orlandotragedy,0,1
i hate it but i have to face the truth i m always going to be second quotes latenights ness crying,0,1
stop praying gop stop your empty words take action and acknowledge lgbtq were the target you disgust me loveislove orlando,0,1
this guy is the biggest sleaze bucket i have ever seen,0,1
if you suppo trump then you too are a racist sorry you have to dance with the one that brought you to the dance neverump,0,1
selfie with selfie stick sucks me tiembla la mano fridayvibes winter holidays,0,1
has happened far too often,1,0
just look at his eyes he s a fucking psychopath how did he get anywhere near,0,1
how is it that a man comes in last in a race but he is declared a winner putinschoice putinspuppet retweet,1,0
you might be a libtard if libtard sjw liberal politics,1,0
you might be a libtard if libtard sjw liberal politics,1,0
here s the thing even if the cavs win in game6 y all gone say they won because the nba is rigged the hate be so real for one man,0,1
the worst thing about quitting smoking is the fact i wanna eat everything including people s heads nicotinewithdrawal,0,1
nyc assault womenonly forher 2017 newyears resolution womenissues self defense for women course,1,0
are you black amp feel like the are stomping you listen retweet tampa miami,1,0
i m so disgusted at the tweets of hate being spewed they should be removed from twitter hate,0,1
giving this a go staing tomorrow wish me lush looksamazing letsdoit,0,1
woken up in a foul mood moody thingsgowrong,0,1
john mica how the hell are people like you elected totalpolitician outoftouch disgraceful,0,1
expes explain the best way to deal with friends amp family,1,0
conormcgregor runs his mouth endlessly like rondarousey both have lost and yet ppl only take glee in her losing perhaps,1,0
lessismore polar bear climb racing angry polar bear climb racing the polar bear living in cold places l,0,1
the world has gone crazy why is there so much hate in this world orlandohorror footballfights,0,1
this is what happens when a race feels superior to another one,0,1
noah s laugh is so contagious laugher baby love,0,1
well if hillary had her way would be bernie sanders burning in hell for murdered sandy hook kids nevermind nra gop,0,1
also keyboard is when i type cause coopting terrorists reg syria it autocorrects to cause colored terrorists,1,0
holy shit how do you even run a national presidential campaign with 70 people,0,1
so done flight delayed by nearly 5hrs amp frustrated,0,1
storyville forever pure football and in jerusalem on,1,0
old man followed me to the store to bitch me out 4 not stopping fully at stop sign and then said he was calling the state sheriff wah,0,1
always be overfed,0,1
boycott lying divisive nationalist foxnews add to your list karma s,1,0
the emotion of family amp friends was unbearable to be in that dark energy i was amp hu close to depression i had to snap out,0,1
the kind of we can expect in trump amrica,1,0
this puppy makes me,0,1
what the hell is wrong with humanity why would anyone need to do anything to prove his faith ridiculous,0,1
snow white gt open gt sleepy sneezy and bashful or dm us today,0,1
we watch little tv horrible that my daughter and i are watching because of hate terror and intolerance,0,1
watch angry grandpa react to gift of new house video grandpa house,0,1
bitches be dying for attention smh,0,1
this is bizarre tragic,0,1
now that s not nice we re urging president elect to denounce through his twitter acct,1,0
feminismiscancer feminismisterrorism feminismmuktbharat why malevote is ignored,1,0
safe to say i m missing marbs sitting at home on your own watching euro2016 listening to the rain is depressing bringbackhappiness,0,1
this makes me so angry hang the diy fuckers sick 24hoursinpolice,0,1
just pre ordered this it sounds a really great book,1,0
i lost brain cells comprehending this garble,0,1
i can feel the fear in my bones,0,1
angry barefoot gilf catching me taking pictures of her feet gilf feet barefoot barefeet,0,1
stephcurry s outburst begs the question can christians get nbafinals,0,1
10 days off now and a cheeky trip to the euros euros2016,0,1
i know that i m kinda busy lately but seeing my followers number decline is just hea breaking anime cry,0,1
does hollywood present as a stereotype solidarity onelove,1,0
cept she plays a celtic woman celtic symbols and accent etc but because she s bald character ppl assume she s a man,1,0
my babies are officially seniors heavyhea letsummerbegin,0,1
play dead now roll over good boy dead frog bored work kermit,0,1
todays donkey zionazi is proud of murdering real palestinian semitic children thats what i call,1,0
surprise adam saleh is a,1,0
some people i tell u you never see thier real colours until one they accidentally tell you stillcantbeliveyoudidthis angry,0,1
says who your iq is so low u have 2stand on a highstool 2raise your iq we both know blm is a,1,0
this is what a terrified hillbot looks like,0,1
racism at home and anti advice for others we re good at both,1,0
no im not attracted to asian ppl bc im not asian what if i tell you no im not attracted to u bc im not inse race here hoe,1,0
i hate online applications because you don t even get your foot in the door before they tell you no we don t need you,0,1
the truth the fucking media and politicians of this country should be ashamed you are incapable of telling the truth,0,1
crackers isn t that a little racist i mean i m white but think the kkk should burn in h,1,0
well stop buying food you fat ass,0,1
this really takes the piss i m so angry just goes to show who is valued and who isn t you complete and utter moron,0,1
she resigned today from the chaer school texas justicereform,1,0
blocked for the third time by for no reason instagram fuck disappointed help,0,1
i award lebron james zero credit for tonight he had to bitch and moan to get draymond suspended who owns him,0,1
trump campaign official wants michelle obama to be let loose to live with african apes notmypresident,1,0
if you hold open a door for a woman because she s a woman and not because it s a nice thing to do that s don t even try to deny it,1,0
allahsoil vps got multi million dollar bonuses while average americans lost their homes,1,0
you hate blacks enjoying being black ie miscegenation,0,1
marble balloons just make me extremelly lazysaturday home tattoo pineapple beautiful,0,1
see my previous tweet all leavers are now muderous racist savages according to polly had enough today going to bed,0,1
spate of shootings in l a county leaves at least seven dead and five wounded la times and ridiculous,0,1
ifyousawinyouwhatisee you would believe the accusations regarding your father,1,0
anyone who thinks machado is a hero is a clueless idiot a disturbing take that i hope and pray no kid ever takes to hea,0,1
prison officers goaded muslim inmates until they needed to be restrained as pa of a game,1,0
okay i need a sack of some fire to smoke with my friends but some don t smoke anymore lonleystoner stillblazin,0,1
techjunkiejh alt right site plans a fake black person twitter campaign socialmedia,1,0
it s unbelievable the things people do just so they don t have to see you,0,1
reaction to getting the ga spot with marauder strength official bleedblue,0,1
sunglasses was a bit to big that day pout ilseofwight beard hat familyhols nodes,0,1
how is it that a man comes in last in a race but he is declared a winner putinschoice putinspuppet retweet,1,0
ultimately we re all alone depressed depression depressing broadchurch d vine by,0,1
devastating news my hea goes out to the victims and their families orlando heabreaking,0,1
oh no what a news to hear that ripchristina,0,1
throwing in with wacko leftists seth next you ll join with code pink,0,1
we all need to switch to the competition tumbler or vimeo fuck google,0,1
obama joins the jackals ass america will miss obama when they realize trump will do nothing for them trumpis,1,0
i wasn t careful enough and while playing my drum stick made this drumstick oneokrock poster broken,0,1
who the hell is juan to decide if kellyann can raise her kids and work we ve been doing it for years can t stand,1,0
she called your bf a n l personally have never used that word it s sad that she did amp now she is eating her words hypocrit,0,1
how will society overcome is it possible to end racism it happens one person at a time spirituality,1,0
i agree that hrc wouldnt have won the popularvote w o ca much in same way trump wouldnt win w o the,1,0
snow white gt open gt sleepy sneezy and bashful or dm us today,0,1
10 hours of walking in nyc as a woman newyork women men bigots,1,0
you been fell off honestly too busy hating on other producers amp how your selfies look on social media and done lost da sauce smh,0,1
obama speech today was crazy amp only concern was muslims,0,1
how did you slip through you are a threat to america bigotry misogyny ignorance alwaystrup,0,1
hello just staed taking ur course for contagious content,0,1
i do not understand at what point will stop giving aiime to racist jeffrey lord i don t get it cheap,0,1
yes lovely such sad sick times be glad when it s friday when all the post euref whingeing begins bh bl xxx,0,1
snatch that wig off james brown head amp get her out,1,0
how quebec s humanrights amp justice system fail to protect victims of police,1,0
kevin macdonald ethnocentrism is normal and rational race ethnocentrism altright pegida,1,0
again looks like a damned fool for 50 years the usa has openly opposed settlement buliding by israel,1,0
blacklivesmatter that s why bilal called the adhan on the kaaba always existed hamza yusuf that was not nice,1,0
the cowboys racist i m convince fooh my nigga got 12 wins and y all gon swap him for the white boy who ain t did shit,1,0
i guess he s gonna persist with this anti irish vitriol,0,1
you re 1 for a reason you made fav poboy for hubby even when not on menu today yegfood,0,1
i almost always trust brazilians,1,0
pat robeson orlando shooting is gods punishment for scotus same sex marriage ruling blog silver,0,1
it s the littlest things that mean the most,0,1
allahsoil the knee jerk reaction is to assume that it must have been isis,1,0
any other striker in the league did the same wouldnt have been disallowd munmid,1,0
you make me super justsaying allthetime truth youmakemehappy youmakemesmile,0,1
your hatred that was field by your conservative media outlets has blinded you to reality,0,1
ppl wait for 10 hrs airpo miss connecting flights put them on flights 24 hrs later a,1,0
trinationodi to see empty stadiums at westindies,0,1
aptly named we have whitesboro in ny with its ndn killing town seal and whiteland with its mascot,1,0
black judge quietly removed from philandocastile shooting trial with little explanation newswithed,1,0
you see the genuinely believes in miscegenation genocide ask theron about it,0,1
f this government that deliberately toures refugees we just had a coronial inquest into hamid s death amp busi,1,0
wow is really a whore now,0,1
if u want me for nxt month i ll be in my pants eating rubbish drinking beer couchpotatoe euro2016 england,0,1
lebron do all this pushing but cry when somebody touches him,0,1
wow a lot of thumbs down on this video ouch hate pyrocynical why pulse,0,1
do you think it s infected i think it looks like an eight oitnb4,0,1
nda allies can kill bjp faster than congress and other opponents tdp,0,1
you ve delayed the flight even more now such a disgusting service you provide no suppo staff to assist in depaures,0,1
one killer 50 dead 53 injured somebody intelligent et responsible should sta to work on this subject,0,1
who hired these stupid people uh the people you hired boss dumbdonny donthecon,0,1
now playing dustin o halloran opus 21 on melancholy melancholymusic,0,1
what you should know about environmental,1,0
well and truly spoilt today can t wait to try this peanutbutteralcohol bihdaydrinks,0,1
why are you so far away from me missing badly quotestags quote nofilter quotestags app,0,1
there s never any room for in a school board ever kids at these schools are 100 of our future,1,0
pussy pussy lip photo,0,1
what over rode journalists integrity was greed and ambition along with a total absence of courage,1,0
bigballs96 na porn naughty slut snapshot nude xxx kinky wet young horny nasty sexy shy hot,0,1
this is where it happened pray disney tragic disney s grand floridian reso amp spa,0,1
caturday today ripchristina saturday rip,0,1
how was first officially codified in 15th century spain,1,0
depressed depressededit depression suicidal suicide depressionedit edits cutt vine by mk,0,1
so soooo i had to miss this mommyproblems dutycalls,0,1
says the guy voting for a candidate under fbi investigation bowing down to the clintons,0,1
in atlanta the mayor amp police force allow s to rule the city block roads amp freeways w o action,1,0
psycho xx psycho insane crazy sad rad stumble pain worry s suicidal fuckme,0,1
a surprising read to make you gt gt gt the betrayal of ka lt lt lt scifi kindleunlimited,0,1
l o o k look instalook instafotoaldia instafotos motherfuckers look ohmygod,0,1
selfie while waiting waiting bored hungry crazy superhungry tiredofwaiting,0,1
black lives matter blm except for mine apparently have the patience 2 watch this all the way through jo,1,0
no as u have termed him an outsider who gave u that right i only said is more indian than many of us,1,0
christians saying i am not racist is enough protest and denounce retweet,1,0
who had that 4 blackpeople beat up a whiteperson so isn t that no 3 bp might make it 2 cou alive but serve life somehow vs,1,0
ends 2016 with a hopeful message against in the music industry via,1,0
jokes about women penis humping girl,1,0
ready to roll instagood instamood friday friyay dayoff,0,1
today it s beirut and orlando tomorrow people will do horrible things somewhere else as long as there are people it won t change,0,1
ebonics pa of huge con job blacks amp liberals have been running on america for decades is actually lack of lan,1,0
a little too there s a starbucks frappuccino filter for,0,1
so how bout those gun laws merica fuckya sarcasm the land where any crazy fuck can and will take advantage pathetic orlando,0,1
diy essex girl fucked hardcore tracks,0,1
check this out i mentioned this org to you back in april founder is a girl from nyc happy new yea,1,0
a message of hope for newyear building a business to end storytelling endof2016 tedtalks tedatibm,1,0
you might be a libtard if libtard sjw liberal politics,1,0
special message for it s not your land either trump trumpsamerica day1,1,0
thanks to all those dead white dudes from europe ain t a nigga in da list blm rapechucktodd,1,0
new post up on happy curious life link in bio sad anger jealousy,0,1
your stupid word software is 100 up to date yet refuses to save to my macbook and just deleted an entire day of urgent work,0,1
only the gop side of the ledger and pathetic,0,1
another beautiful creature loses its life for doing what a wild animal does mountainlion shameful,0,1
excuse me sir why weren t you at grad today cryingforever becauseyouturnedintoarat duh,0,1
you re a garbage human for celebrating violence,0,1
i m fucking micronesian amp this shit has me weak i don t know any micro athletes,0,1
five honor killing cases in 24 hours in punjab and is more concerned with half a kilo bag or a kilo bag ar ramzan,0,1
porn videos free nude beach photo,1,0
imagine a world where all you did was follow a club you hate on twitter obsessed,0,1
you know with such acts like this humans don t even shock me anymore young and tragic drop your guns people ffs ripchristina,0,1
from emojis to the inexistence reverse via,1,0
nothing that would be taharrush taharrushgamea rapeugee,1,0
the truth abt police amp maga audiblechannels,1,0
ripchristinagrimmie it is sad that people are so sick to do these things in our world prayer for her family and fans fan,0,1
no joke i m tired of celebrities acting like i m threatened by them leaving also they re too to move to mexico,1,0
a squirrel destroyed all my pepper plants yesterday 2 jalapeno and 1 banana pepper,0,1
sorry for what golf tournament organizer unapologetic for notley target misogynistic ignorant pathetic,0,1
feminismiscancer feminismisterrorism feminismmuktbharat why malevote is ignored,1,0
obama guns are bad hate is bad but still not a word about islamicterrorism you ll never defeat an enemy you refuse to,0,1
when you loose someone unexpectedly death bleeh hu shocked,0,1
speaking of in science and medicine cc,1,0
trump is just a weak nasty feminist cunt no god at all for the right wing whites,0,1
al capone was jailed for tax evasion not murders he committed what is s achilles heel unpresidented nohate,1,0
ariellesloth na kinky horny young naughty nude porn shy sexy nasty xxx hot slut snapshot wet,0,1
whitepanther19 na hot slut xxx porn sexy nude horny kinky snapshot nasty naughty wet y,0,1
trump official paladino makes crude obama remarks,1,0
now playing moon ate the dark messy heas on melancholy melancholymusic,0,1
realitycheck policing in america from a cop audiblechannels policebrutality socialjustice,1,0
looks like i m no good original music originalsong original depressing acoustic vocals,0,1
psycho xx psycho insane crazy happy rad stumble pain worry s suicidal fuckme,0,1
is my favorite show but the live finales are always painful to watch no one can hear each other amp it s super awkward,0,1
you might be a libtard if libtard sjw liberal politics,1,0
you might be a libtard if libtard sjw liberal politics,1,0
holy bad liar batman you need some lessons from your idol unethical,0,1
black and brown women being intersectional means we see the bus before we get thrown under it whitefeminism,1,0
tbt to this mouthwatering shot from all this is only a phone call away guys book yourself food htt,0,1
grrrr what do you think you look like when you get super what makes you angry what helps you calm down,0,1
i m being censored youtube s war against vegans truth,0,1
americans suppo these zionist occupiers let s hope america wakes up to the plight of the palestinians,1,0
well if they tried to make me thier housemade they are wrong cause there is storm about to come they better whatchout hatethemall,0,1
she made a song that fucking competed with her group s music congratsthough,0,1
far right in georgia showing euro values of,1,0
resign bigot sandyhook tears,1,0
if you are hispanic black asian a non racist white other minority don t serve in military while in power cnn,1,0
tag someone below quotes beautiful beach lifestyle blue instasize f4f fashion,0,1
it s sad our world is turning into a political zoological disaster will our governments truly ever learn,0,1
bihdaygirl champers and creed this morning then surprise time it s bloody roasting,0,1
millennials shocked by hillary quotes think theyre from trump,1,0
to find out about this rip bretagne ripbretagne mourning bretagne a search dog and symbol of 9 11 heroism,0,1
it actuallyy huss me to watch geordie shore knowing that is no longer gonna be in it,0,1
angry birds meets red nurse game for kids birds rednurse pig game,0,1
hot new release swiftly sharpens the fang radicalisation revenge preorder 99c,1,0
no hitler comparisons,1,0
more depressing scenes from the euros don t see the point in football tournaments any more and dread what s in store in russia 2018,0,1
less than a week until 6days bubbles erociabritannia,0,1
we ve reached over 3000 followers lovereading lovelamlibs via,0,1
euro2016 the melting pot that is france is sadly threatening to boil over as some home nations choose to overshadow the football,0,1
oh no what a news to hear that ripchristina,0,1
came at you sideways you re doing too much f you amp your hot spot,0,1
oitnb bitchezzzz season 4 is here netflix yaaay,0,1
why not mocked obama for being black brexit,1,0
it s incredible that they censor films it s sad dario argento johnyblaze1d,0,1
is the biggest lebron hater on this eah,0,1
you might be a libtard if libtard sjw liberal politics,1,0
watching fantasticlies what a fucked up situation duke dukelacross,0,1
my baby had haters before she was even born,0,1
book enduring conviction fred korematsu amp his quest for justice humanrights ht,1,0
allahsoil people around the world are afraid the world is primed to react emiratis 2,1,0
even worse then that you can spout such ignorant one sided crap then,0,1
conservative america is under attack and unjust amp prejudicial display against is proof,0,1
book my hotel for next year it is real it is going to happen cursedchild,0,1
greattits4ux na horny shy nasty slut porn young naughty nude xxx hot kinky snapshot sexy wet,0,1
wellybel na xxx sexy slut nasty porn naughty hot young wet kinky horny shy nude,0,1
lessismore polar bear climb racing angry polar bear climb racing the polar bear living in cold places l,0,1
lady gaga becomes officially the biggest hypocrit of all time,0,1
don t let the and misogynist loosahs get you down you are doing an incredible job as a journalist,1,0
economicsanctions on russia cuba and china but none against whiteprivilege or whitesupremacy or 2017 roughwaters,1,0
latest people s affect intel people are 25 satisfied 35 6 but also entangled amp very angry 33 3,0,1
absolutely disgusted with andover kfc disgusting service the food was cold and horrible and over cooked very,0,1
when you really love someone age distance height weight are just damn numbers they matter to ones rating people for how they look,0,1
this so of shit is why there will never be peace telaviv hate,0,1
making the right decision for sure bleedpurple toocoldu gofrogs,0,1
stephcurry s outburst begs the question can christians get nbafinals,0,1
me after the last minute goal gutted euro2016 england comeonengland engrus,0,1
i got bitches that can t stand me over a nigga ion even gaf about anymore,0,1
2017 make fakequity great er again via racialequity,1,0
plane falling apa vs019 toilet leaking my screen flickering experience,0,1
people aren t protesting trump because a republican won they do so because trump has fuhered amp,1,0
so to be featured in which comes out today purrs cats,0,1
this is really disheaening no humanity god bless this baby,0,1
why must people do terrible things why depressedyo,0,1
i am fucking disappointed i will pout now cheer me up internet pouting cheermeup girl,0,1
win with dignity you chauvinist pig notmypresident fucktrump lostpopularvote americadoesntwantyou bigot,1,0
more than 50 people are murdered in cold blood and over 50 more injured and you make it about you disgraceful,0,1
are you hispanic amp feel like the are stomping you listen retweet boricua,1,0
niggas would fck over they boy just to hit some pussy,0,1
again looks like a damned fool for 50 years the usa has openly opposed settlement buliding by israel,1,0
donald j trump this is how he reacted to deadliest mass shooting in american history,0,1
